key,x,y,z
0,0.965926,-0.258819,0.0
1,0.984808,-0.173648,0.0
2,0.996195,-0.087156,0.0
3,1.0,0.0,0.0
4,0.996195,0.087156,0.0
5,0.984808,0.173648,0.0
6,0.965926,0.258819,0.0
7,0.216835,-0.12519,0.968148
8,0.23528,-0.085635,0.968148
9,0.246576,-0.043478,0.968148
10,0.25038,0.0,0.968148
11,0.246576,0.043478,0.968148
12,0.23528,0.085635,0.968148
13,0.216835,0.12519,0.968148
